{
    "loss": 0.865001380443573,
    "accuracy": 0.5809524059295654
}