{
    "loss": 1.1941554546356201,
    "accuracy": 0.4126984179019928
}